,acc_converge,loss_converge,final_acc,final_loss
3,651,230,0.9184353184319431,0.2249619620613749
4,903,412,0.9258711823583143,0.23403320866686875
