,acc_converge,loss_converge,final_acc,final_loss
3,651,230,0.9184353184319431,0.2249619620613749
4,608,541,0.9116109319943415,0.2291754738511806
