,mse_converge,final_mse
all_features,1782,0.006431436958817774
6_features,1799,0.006317321431880286
5_features,2888,0.006895155784835485
